{"cameraMode":{"drawMode":0,"name":"Shaded","section":"Shading Mode"},"sceneLighting":false,"audioPlay":false,"sceneViewState":{"m_AlwaysRefresh":false,"showFog":true,"showSkybox":false,"showFlares":true,"showImageEffects":true,"showParticleSystems":true,"showVisualEffectGraphs":true,"m_FxEnabled":true},"in2DMode":false,"pivot":{"x":15.949999809265137,"y":3.2300000190734865,"z":-2.2100000381469728},"rotation":{"x":0.3796918988227844,"y":-0.32571810483932497,"z":0.14487142860889436,"w":0.8536726832389832},"size":1.224745273590088,"orthographic":false}