{"cameraMode":{"drawMode":0,"name":"Shaded","section":"Shading Mode"},"sceneLighting":false,"audioPlay":false,"sceneViewState":{"m_AlwaysRefresh":false,"showFog":true,"showSkybox":true,"showFlares":true,"showImageEffects":true,"showParticleSystems":true,"showVisualEffectGraphs":true,"m_FxEnabled":true},"in2DMode":false,"pivot":{"x":-59.51123809814453,"y":-72.60334777832031,"z":30.876943588256837},"rotation":{"x":0.37039440870285036,"y":-0.08204692602157593,"z":0.032865963876247409,"w":0.924662172794342},"size":113.00178527832031,"orthographic":false}